{
  "feature_columns": [
    "char_count",
    "word_count",
    "avg_word_length",
    "sentence_count",
    "words_per_sentence",
    "exclamation_count",
    "question_count",
    "uppercase_word_count",
    "lexical_diversity",
    "digit_ratio"
  ],
  "metrics": {
    "accuracy": 0.7047526673132881,
    "precision": 0.708127348230176,
    "recall": 0.9873173421560518,
    "f1_score": 0.8247351450944266,
    "roc_auc": 0.5892193258242068
  },
  "timestamp": "20251107_204115"
}